record_id_s;id_number_pre
1;i1001
2;i1007
3;i1027
4;i1020
5;i1021
6;i1042
7;i1004
8;i1028
9;i1025
10;i1045
11;i1057
12;i1052
13;i1053
14;i1034
15;i1073
16;i1033
17;i1086
18;i1074
19;i1096
20;i1077
21;i1092
22;i1115
23;i1102
24;i1113
i1002;i1002
i1003;i1003
i1005;i1005
i1006;i1006
i1008;i1008
i1009;i1009
i1010;i1010
i1011;i1011
i1012;i1012
i1013;i1013
i1014;i1014
i1015;i1015
i1016;i1016
i1017;i1017
i1018;i1018
i1019;i1019
i1022;i1022
i1023;i1023
i1024;i1024
i1026;i1026
i1029;i1029
i1030;i1030
i1031;i1031
i1032;i1032
i1035;i1035
i1036;i1036
i1037;i1037
i1038;i1038
i1039;i1039
i1040;i1040
i1041;i1041
i1043;i1043
i1044;i1044
i1046;i1046
i1047;i1047
i1048;i1048
i1049;i1049
i1050;i1050
i1051;i1051
i1054;i1054
i1055;i1055
i1056;i1056
i1058;i1058
i1059;i1059
i1060;i1060
i1061;i1061
i1062;i1062
i1063;i1063
i1064;i1064
i1065;i1065
i1066;i1066
i1067;i1067
i1068;i1068
i1069;i1069
i1070;i1070
i1071;i1071
i1072;i1072
i1075;i1075
i1076;i1076
i1078;i1078
i1079;i1079
i1080;i1080
i1081;i1081
i1082;i1082
i1083;i1083
i1084;i1084
i1085;i1085
i1087;i1087
i1088;i1088
i1089;i1089
i1090;i1090
i1091;i1091
i1093;i1093
i1094;i1094
i1095;i1095
i1097;i1097
i1098;i1098
i1099;i1099
i1100;i1100
i1101;i1101
i1103;i1103
i1104;i1104
i1105;i1105
i1106;i1106
i1107;i1107
i1108;i1108
i1109;i1109
i1110;i1110
i1111;i1111
i1112;i1112
i1114;i1114
test;test